variable_name,start_address,end_address,start_cycle,end_cycle
var_0,0x000001,0x000251,1,175
var_0,0x0004d5,0x0005d6,922,1599
var_0,0x00085e,0x00089d,2500,3464
var_0,0x0008bf,0x000c08,3748,4122
var_0,0x000dec,0x001094,4762,5483
var_0,0x0012c9,0x00132f,6179,6425
var_0,0x001706,0x00193f,6744,7002
var_0,0x001cf6,0x001f41,7485,7874
var_0,0x00218d,0x00224d,8790,9529
var_0,0x00247a,0x002666,10331,10670
var_0,0x0028a5,0x002934,11230,11304
var_0,0x002b24,0x002ce5,11773,12390
var_0,0x002f26,0x0031ee,13304,13389
var_0,0x0033ed,0x00379c,13956,14910
var_0,0x003aae,0x003d2d,15259,16102
var_0,0x003da9,0x003eff,16684,16792
var_0,0x003fa1,0x003fee,16915,17683
var_0,0x0042a3,0x00439d,17755,17765
var_0,0x0044d3,0x004759,18504,18627
var_0,0x0047ea,0x004805,18928,19329
var_0,0x004b5a,0x004b70,19663,20317
var_0,0x004ef1,0x005269,20375,20717
var_0,0x0054a0,0x005650,21565,21661
var_0,0x0058e6,0x0059aa,22134,23027
var_0,0x005c6f,0x005d98,23041,23155
var_0,0x0060da,0x00634d,23864,24755
var_0,0x00660f,0x0068b4,25462,25933
var_0,0x006b4e,0x006d36,26489,26531
var_0,0x006fdb,0x007296,27490,28240
var_0,0x007303,0x0073ba,29162,30040
var_0,0x007526,0x007821,30326,30596
var_0,0x007a37,0x007d24,30771,31053
var_0,0x007f3f,0x00818e,31993,32926
var_0,0x0081de,0x00821a,32938,33358
var_0,0x00844b,0x008493,34038,34518
var_0,0x0085dc,0x00897b,34634,35496
var_0,0x008a84,0x008cfd,35589,35998
var_0,0x0090aa,0x0091b9,36870,36888
var_0,0x00934b,0x00937c,37444,37575
var_0,0x009546,0x009838,37779,38344
var_0,0x00986a,0x009a7c,39282,39891
var_0,0x009a82,0x009b8d,40786,40904
var_0,0x009db0,0x00a0ac,41151,41946
var_0,0x00a37b,0x00a67c,42575,43114
var_0,0x00a809,0x00a9ed,43483,44052
var_0,0x00aadc,0x00ad21,44670,45168
var_0,0x00aff3,0x00b212,45397,46208
var_0,0x00b329,0x00b601,46748,46959
var_0,0x00b8d1,0x00bc6e,47797,48742
var_0,0x00be51,0x00c17a,49300,49832
var_0,0x00c4ae,0x00c558,50200,51120
var_0,0x00c74b,0x00c86f,51564,52363
var_0,0x00ca1a,0x00ccdd,53224,53787
var_0,0x00cee7,0x00cff5,54254,55021
var_0,0x00d113,0x00d1e0,55678,55903
var_0,0x00d478,0x00d84e,56141,57097
var_0,0x00d919,0x00dae5,57581,58132
var_0,0x00dbc2,0x00dd23,58520,59433
var_0,0x00dd3f,0x00dde4,60258,60523
var_0,0x00dfaa,0x00e099,60829,61064
var_0,0x00e1a6,0x00e4cd,61232,61550
var_0,0x00e52a,0x00e5c5,61921,62413
var_0,0x00e903,0x00eb5f,62769,63350
var_0,0x00ee54,0x00ef9e,63486,63905
var_0,0x00f0f1,0x00f2b1,63972,64679
var_0,0x00f4b0,0x00f59f,65524,65921
var_0,0x00f6dd,0x00f95f,66329,66749
var_0,0x00fc85,0x00fdc9,67053,67061
var_0,0x00fee2,0x0101ec,67400,68003
var_0,0x0103de,0x01054d,68959,69214
var_0,0x0107e1,0x0109a2,69412,70391
var_0,0x010b6e,0x010cf6,70707,70989
var_0,0x010eda,0x0110f9,71109,71746
var_0,0x01143a,0x0114f2,71969,72451
var_0,0x011753,0x0117ee,73000,73913
var_0,0x011a6c,0x011e4f,74446,75399
var_0,0x0121e8,0x012272,76098,76887
var_0,0x01245f,0x01275a,77121,77360
var_0,0x0129bf,0x012d92,77748,77994
var_0,0x012f7a,0x0132a5,78965,79289
var_0,0x013567,0x013663,80260,80732
var_0,0x013982,0x0139e7,80944,80949
var_0,0x0139ef,0x013cfe,81355,81866
var_0,0x013e48,0x01407c,82257,82343
var_0,0x01441c,0x014486,82932,83090
var_0,0x01467a,0x01496e,83642,84024
var_0,0x014bb5,0x014cda,84590,85269
var_0,0x014d3b,0x014f90,85434,86053
var_0,0x0150ed,0x015456,86507,87340
var_0,0x0155dd,0x015819,87677,87808
var_0,0x015b9b,0x015bd4,88045,88897
var_0,0x015c5a,0x015ca9,89889,90477
var_0,0x01608b,0x01644b,91453,91548
var_0,0x016498,0x0165f4,92346,92375
var_0,0x01665b,0x01665c,92693,92890
var_0,0x01675f,0x016943,93368,94006
var_0,0x016d10,0x016dca,94744,95593
var_0,0x017170,0x0174f3,95823,96298
var_0,0x0178ab,0x0178f7,96457,96798
var_0,0x017b2f,0x017e0d,97391,98177
var_0,0x01804e,0x0183a4,98479,98969
var_0,0x0185c9,0x018860,99081,99282
var_0,0x018b6f,0x018e09,100229,101188
var_0,0x0190c3,0x0190d0,101359,101387
var_0,0x0192da,0x0193c8,101476,101637
var_0,0x019489,0x0194ff,101838,101967
var_0,0x019829,0x019afe,102934,103876
var_0,0x019c5f,0x019cd2,104242,104249
var_0,0x019d07,0x01a0ca,104754,105660
var_0,0x01a247,0x01a3ca,105749,106333
var_0,0x01a776,0x01a8da,106423,106943
var_0,0x01aa0b,0x01ab71,107590,108013
var_0,0x01ae4f,0x01b0ff,108373,108535
var_0,0x01b494,0x01b737,109518,109941
var_0,0x01b9b5,0x01bbea,110348,110461
var_0,0x01bf3f,0x01c078,111231,111977
var_0,0x01c3ab,0x01c748,112419,113123
var_0,0x01caef,0x01cd0b,113606,114198
var_0,0x01cdab,0x01d11e,114519,115141
var_0,0x01d161,0x01d435,115742,116442
var_0,0x01d6f0,0x01dad3,116548,117224
var_0,0x01dc15,0x01decc,118180,118708
var_0,0x01e195,0x01e528,119370,120333
var_0,0x01e8c7,0x01eb76,120497,120799
var_0,0x01ed04,0x01f0e0,121383,121776
var_0,0x01f48d,0x01f5cf,122315,122707
var_0,0x01f6f6,0x01fac0,123241,124174
var_0,0x01fdee,0x01ff99,124740,125572
var_0,0x020007,0x0200ba,126204,126886
var_0,0x020204,0x0202f1,127302,127982
var_0,0x0203e8,0x0206d4,128415,129254
var_0,0x020839,0x02099a,130169,130191
var_0,0x020ae0,0x020e9a,130993,131728
var_0,0x021175,0x0213fe,132187,132923
var_0,0x0214d5,0x021554,133609,134399
var_0,0x02181b,0x021a38,134712,135350
var_0,0x021db8,0x021feb,135748,136500
var_0,0x0222e7,0x0225e9,137098,137296
var_0,0x0226dd,0x02272d,137662,138536
var_0,0x022a1c,0x022a3a,139351,139910
var_0,0x022ce0,0x022d36,140519,140639
var_0,0x0230ac,0x0232d7,141062,141752
var_0,0x023637,0x0239ae,142510,143072
var_0,0x023b9c,0x023ed3,143200,143926
var_0,0x0240cf,0x0242b5,144214,144673
var_0,0x024681,0x024776,145375,145725
var_0,0x024aa5,0x024da2,146303,146611
var_0,0x024fd1,0x025239,147428,147703
var_0,0x025603,0x02566c,147995,148034
var_0,0x025976,0x025cc0,148589,149093
var_0,0x025e2c,0x02620b,149993,150142
var_0,0x026307,0x02640e,150441,150696
var_0,0x026799,0x026892,151411,152086
var_0,0x026a2a,0x026b51,152596,152659
var_0,0x026c21,0x026f57,153092,153563
var_0,0x0271dc,0x0273eb,154101,154819
var_0,0x0274cd,0x027665,155340,155801
var_0,0x02769e,0x0278ab,156178,156231
var_0,0x0278ed,0x027c0d,156817,157722
var_0,0x027fd4,0x02832c,158644,159195
var_0,0x0283d9,0x0284ba,159388,159560
var_0,0x028694,0x0286f5,159818,160052
var_0,0x028705,0x0288f5,160932,161470
var_0,0x028b9b,0x028c5b,161730,162220
var_0,0x028fb3,0x02916a,162472,162498
var_0,0x029388,0x029737,162999,163708
var_0,0x0297b4,0x029ac7,164061,164984
var_0,0x029d6e,0x029f59,165196,166157
var_0,0x02a2b0,0x02a389,166225,166451
var_0,0x02a4f1,0x02a86b,166661,167215
var_0,0x02aa34,0x02add5,167894,168571
var_0,0x02b078,0x02b2ed,169066,169656
var_0,0x02b318,0x02b5f9,170414,170433
var_0,0x02b95b,0x02bb55,171202,171462
var_0,0x02bc67,0x02bfa2,172312,173296
var_0,0x02c33b,0x02c522,173995,174124
var_0,0x02c71d,0x02cac3,174782,175281
var_0,0x02cbdd,0x02cf38,175822,176526
var_0,0x02d21d,0x02d4da,177497,178480
var_0,0x02d642,0x02d74a,178757,179037
var_0,0x02d87b,0x02d892,179448,180020
var_0,0x02da1e,0x02db01,180883,181220
var_0,0x02dd7d,0x02dff9,181985,182553
var_0,0x02e36a,0x02e371,183382,184086
var_0,0x02e4de,0x02e7c7,184349,184521
var_0,0x02e877,0x02e9ce,184980,185142
var_0,0x02ec98,0x02edea,186107,186631
var_0,0x02f068,0x02f1bb,186793,187121
var_0,0x02f47f,0x02f7a8,187586,188382
var_0,0x02fb70,0x02fda5,188909,189690
var_0,0x0300b3,0x0303a2,190645,191628
var_0,0x0305b6,0x030818,192554,192779
var_0,0x03098f,0x030993,192935,193310
var_0,0x030b42,0x030b66,194310,195091
var_0,0x030d2b,0x030edb,195261,195487
var_0,0x031052,0x0311af,196047,196503
var_0,0x0314a0,0x0316c0,196955,197905
var_0,0x031a0c,0x031be2,198324,198556
var_0,0x031efc,0x0320f5,198820,199011
var_0,0x0322e8,0x032355,199561,200229
var_1,0x000001,0x00034e,1,251
var_1,0x000597,0x00088d,654,1156
var_1,0x000acf,0x000e09,1829,2362
var_1,0x000fbd,0x00131f,2549,3298
var_1,0x001599,0x00174f,3299,4038
var_1,0x00182e,0x00193f,4961,5493
var_1,0x001cc1,0x001fd5,5820,6124
var_1,0x002052,0x002301,6443,6849
var_1,0x0025f4,0x00277f,7075,7648
var_1,0x002ae5,0x002d8a,8624,8748
var_1,0x0030bc,0x0030c8,9184,9880
var_1,0x0031ff,0x003342,10535,11052
var_1,0x00345a,0x00354c,11340,11873
var_1,0x003571,0x003791,12768,12838
var_1,0x00393a,0x003d21,13811,13831
var_1,0x003dea,0x003e07,14448,14878
var_1,0x004112,0x0041da,15482,16454
var_1,0x00447a,0x0045eb,17130,17736
var_1,0x004948,0x004aba,18411,19405
var_1,0x004b93,0x004e3d,19696,20361
var_1,0x004efa,0x0052c7,21188,22033
var_1,0x0053a4,0x0054a1,22962,23106
var_1,0x00582a,0x0059ae,23733,24672
var_1,0x0059b8,0x0059f8,24792,25466
var_1,0x005bf5,0x005d86,25561,26031
var_1,0x006129,0x0063c1,26124,26616
var_1,0x0064a6,0x00678c,27222,27524
var_1,0x006aad,0x006c6e,27957,28893
var_1,0x006d85,0x006df5,29154,29284
var_1,0x006e5f,0x0070e3,29564,29567
var_1,0x0072cb,0x00733b,30014,30099
var_1,0x00757a,0x0076b4,30763,30911
var_1,0x007838,0x007b03,31654,31741
var_1,0x007dbc,0x008061,32646,33288
var_1,0x00829a,0x00861c,33866,34225
var_1,0x0087ae,0x00890b,35113,35402
var_1,0x008984,0x0089fa,36340,37197
var_1,0x008ba9,0x008da0,37958,38902
var_1,0x009019,0x0091c3,38945,39108
var_1,0x0094b5,0x0094f7,39161,39447
var_1,0x00953b,0x009639,39894,40723
var_1,0x0098b6,0x009bf3,40902,41728
var_1,0x009ccb,0x009d17,42231,42541
var_1,0x00a0fa,0x00a287,43108,43934
var_1,0x00a40d,0x00a4be,44787,45198
var_1,0x00a6d4,0x00a727,45362,45600
var_1,0x00a9a2,0x00ac56,45971,46567
var_1,0x00adf3,0x00afe1,46932,47418
var_1,0x00b274,0x00b436,48418,48760
var_1,0x00b486,0x00b708,49656,49729
var_1,0x00b739,0x00b89a,50280,50854
var_1,0x00badc,0x00be3d,51699,52609
var_1,0x00c038,0x00c251,52831,53175
var_1,0x00c4b4,0x00c54f,53351,53454
var_1,0x00c840,0x00ca8e,53796,54126
var_1,0x00cb48,0x00cba2,54491,55028
var_1,0x00cbf5,0x00ce65,55443,56080
var_1,0x00d03a,0x00d363,56991,57070
var_1,0x00d5d8,0x00d925,57620,58520
var_1,0x00db81,0x00de94,58691,59247
var_1,0x00dff4,0x00e287,60098,60946
var_1,0x00e3c8,0x00e71f,61749,62485
var_1,0x00e7ef,0x00eb9e,62735,63515
var_1,0x00ed02,0x00eff8,64297,64807
var_1,0x00f0f0,0x00f365,65167,65763
var_1,0x00f473,0x00f504,66106,66127
var_1,0x00f624,0x00f9cb,67111,67426
var_1,0x00fd00,0x00fef5,68404,68464
var_1,0x0100b4,0x01044b,69161,70122
var_1,0x0106d9,0x0108be,70591,70842
var_1,0x010c64,0x010ef3,71732,72628
var_1,0x01103a,0x011416,72998,73275
var_1,0x0114bc,0x011540,73763,74262
var_1,0x011699,0x0117eb,74274,74491
var_1,0x011afd,0x011c36,74822,74959
var_1,0x011f3d,0x012075,75370,75522
var_1,0x0120bf,0x01226d,75865,76857
var_1,0x01248e,0x01275e,77705,77890
var_1,0x012983,0x0129da,78463,79236
var_1,0x012d2a,0x013057,79670,80430
var_1,0x0132f0,0x01357f,81008,81330
var_1,0x01385a,0x013a28,81479,82358
var_1,0x013c39,0x013da9,83003,83077
var_1,0x014170,0x014486,83758,84365
var_1,0x0145b4,0x014990,84705,85060
var_1,0x014cd3,0x014d7c,86017,86064
var_1,0x014e16,0x014ef4,86827,87701
var_1,0x014f02,0x0150fe,88231,89220
var_1,0x0151e5,0x0152ab,89951,90833
var_1,0x015488,0x0156eb,91802,91813
var_1,0x01594d,0x015bc3,92745,93585
var_1,0x015fa3,0x016124,93970,94204
var_1,0x0161b9,0x01627d,94940,95007
var_1,0x0164e8,0x016831,95648,96144
var_1,0x01687a,0x016bba,96941,97373
var_1,0x016d3a,0x016e9a,98047,98694
var_1,0x016f2e,0x0171b0,98788,99131
var_1,0x01740b,0x017586,99612,99884
var_1,0x017947,0x017a3b,100615,100714
var_1,0x017d95,0x017da3,101141,101254
var_1,0x018037,0x01828c,101280,101791
var_1,0x018605,0x0186fe,102318,102932
var_1,0x018adf,0x018c46,103470,103641
var_1,0x018f89,0x0190dc,104449,105321
var_1,0x019453,0x019816,105802,106682
var_1,0x019916,0x0199fb,107025,107442
var_1,0x019b30,0x019eb8,108105,108480
var_1,0x019f7f,0x01a1e3,108982,109493
var_1,0x01a398,0x01a403,110219,110861
var_1,0x01a48a,0x01a48e,111302,111355
var_1,0x01a758,0x01a99b,112313,112449
var_1,0x01aad5,0x01ae9b,112606,113351
var_1,0x01af0f,0x01afb9,114193,114430
var_1,0x01b103,0x01b237,114517,115220
var_1,0x01b2b3,0x01b657,115333,115435
var_1,0x01b87c,0x01bb09,115987,116354
var_1,0x01bc6a,0x01be86,116667,117230
var_1,0x01c24e,0x01c3fe,117246,118177
var_1,0x01c69b,0x01c904,118837,119152
var_1,0x01c9a0,0x01cd30,120070,120264
var_1,0x01d0d9,0x01d45f,120837,121617
var_1,0x01d68e,0x01d8cd,121898,122390
var_1,0x01dbc6,0x01de72,122735,123546
var_1,0x01ded0,0x01e03a,124369,124470
var_1,0x01e3e9,0x01e406,124709,125079
var_1,0x01e79c,0x01ead1,126035,126392
var_1,0x01ee3b,0x01ee6b,127061,127381
var_1,0x01ef50,0x01f1aa,127981,128822
var_1,0x01f302,0x01f658,128882,129335
var_1,0x01f8da,0x01f99f,129989,130481
var_1,0x01fa3d,0x01fc19,130751,130858
var_1,0x01fe88,0x01ffc5,131704,132575
var_1,0x0200a1,0x020437,133414,133876
var_1,0x0206e1,0x02074f,134473,134657
var_1,0x020b14,0x020bf0,135155,135973
var_1,0x020c06,0x020fc5,136462,136523
var_1,0x0211cb,0x021359,137203,137300
var_1,0x021595,0x02164c,137479,137954
var_1,0x02184b,0x021b66,138093,138589
var_1,0x021c5d,0x021e44,139124,139329
var_1,0x021fa9,0x022383,139412,139723
var_1,0x022450,0x022511,140691,141659
var_1,0x0225c4,0x022663,142069,142678
var_1,0x022697,0x0226d4,143451,143602
var_1,0x0227b6,0x022965,144228,144454
var_1,0x022b7a,0x022d51,144801,145411
var_1,0x022e6c,0x0231fe,146314,147233
var_1,0x0233c4,0x0234f6,148042,148825
var_1,0x023775,0x023a65,148964,149125
var_1,0x023d01,0x023e6a,149916,150614
var_1,0x023f78,0x02419c,151432,151899
var_1,0x0241ad,0x0241ce,152071,152704
var_1,0x0244fc,0x024813,153265,153853
var_1,0x024abc,0x024e73,154218,154294
var_1,0x0251e0,0x0252c7,154352,154860
var_1,0x0255f5,0x02572c,154921,155218
var_1,0x02585f,0x025ac2,156009,156410
var_1,0x025d9d,0x02616a,157259,157266
var_1,0x0261bf,0x026259,158082,158178
var_1,0x0263f0,0x026632,159096,159420
var_1,0x02689d,0x026968,159477,159827
var_1,0x026d3c,0x02702f,160631,161038
var_1,0x0272c0,0x0276a8,161831,162280
var_1,0x027a77,0x027b66,162433,162612
var_1,0x027e16,0x027ecd,163474,164180
var_1,0x02809f,0x0280f2,164273,164526
var_1,0x02835f,0x028624,165098,165992
var_1,0x0287c4,0x028914,166875,167760
var_1,0x0289ff,0x028ac0,167905,168229
var_1,0x028c8f,0x028d67,169028,169821
var_1,0x028f5f,0x029012,169853,170480
var_1,0x029186,0x0292d3,170691,171580
var_1,0x029697,0x029988,172510,172909
var_1,0x029c06,0x029fb8,173772,174766
var_1,0x02a2bb,0x02a3f8,174911,175572
var_1,0x02a456,0x02a73e,176529,177488
var_1,0x02a860,0x02aa45,177778,177919
var_1,0x02ab2e,0x02ac37,178650,179607
var_1,0x02aca9,0x02ae9c,179940,180736
var_1,0x02b04f,0x02b217,180795,180856
var_1,0x02b30c,0x02b328,180944,181336
var_1,0x02b598,0x02b919,181673,181710
var_1,0x02ba26,0x02bba6,182254,182359
var_1,0x02bd97,0x02be8d,183044,183259
var_1,0x02c17b,0x02c36b,183953,184138
var_1,0x02c3b2,0x02c50a,185018,185138
var_1,0x02c853,0x02c9b3,185696,186200
var_1,0x02ca1d,0x02cd90,187165,187286
var_1,0x02d10c,0x02d363,187400,188395
var_1,0x02d400,0x02d522,188871,189541
var_1,0x02d6fc,0x02d8c2,190462,190463
var_1,0x02d9c4,0x02dd08,191212,191865
var_1,0x02e089,0x02e34a,191904,192321
var_1,0x02e362,0x02e6a5,193266,193749
var_1,0x02e707,0x02e81e,194496,195259
var_1,0x02eadd,0x02ecbb,196076,196099
var_1,0x02ed9f,0x02f03a,196830,197057
var_1,0x02f2e1,0x02f330,197768,197799
var_1,0x02f694,0x02f7fe,198778,199718
var_1,0x02f985,0x02fb55,200623,200822
var_2,0x000001,0x000009,1,195
var_2,0x000041,0x00005f,1139,1299
var_2,0x000122,0x00046a,1890,2464
var_2,0x000511,0x00085a,3369,3581
var_2,0x000912,0x000ab2,4045,5043
var_2,0x000e53,0x00103f,5532,5563
var_2,0x0010f3,0x00132d,6455,6907
var_2,0x001664,0x001782,7563,7931
var_2,0x001908,0x001add,8240,8287
var_2,0x001c03,0x001d48,8908,9396
var_2,0x001dbc,0x002155,10106,10560
var_2,0x002331,0x0026cf,10875,11216
var_2,0x002721,0x002afe,12169,12646
var_2,0x002be4,0x002f23,13149,13505
var_2,0x003296,0x0032f7,13512,13756
var_2,0x003603,0x00374c,13817,14509
var_2,0x003a6a,0x003ad3,14959,15513
var_2,0x003b83,0x003df6,15844,16486
var_2,0x003f84,0x003fd4,16625,17105
var_2,0x004039,0x00440c,17503,17592
var_2,0x0046fe,0x004754,18012,18561
var_2,0x0047fa,0x0048bd,18983,19244
var_2,0x004c9e,0x004f73,20031,20301
var_2,0x00534d,0x005360,20757,21413
var_2,0x00550e,0x00567e,22156,22829
var_2,0x00590a,0x005cdb,22994,23356
var_2,0x005ece,0x006052,23544,23620
var_2,0x0062d9,0x006399,24553,24842
var_2,0x0064f4,0x00651f,25498,26163
var_2,0x006903,0x006a93,26995,27646
var_2,0x006afd,0x006c05,28040,28140
var_2,0x006d18,0x00705d,28847,29309
var_2,0x0073e5,0x0076dc,29410,29831
var_2,0x007a77,0x007abe,30333,30894
var_2,0x007aff,0x007d74,31175,31807
var_2,0x007f0e,0x0082d0,32535,33493
var_2,0x0083c2,0x0086af,33641,33774
var_2,0x008a21,0x008b42,34192,34481
var_2,0x008cda,0x00908d,34783,35308
var_2,0x00935d,0x009636,35779,36319
var_2,0x0096d3,0x0096eb,36539,37012
var_2,0x0099b6,0x009cb5,37954,38471
var_2,0x009fd3,0x00a18a,39158,39224
var_2,0x00a539,0x00a758,39578,40277
var_2,0x00a81e,0x00ab2c,40889,41195
var_2,0x00adc6,0x00b02d,41735,41772
var_2,0x00b0ac,0x00b1aa,42328,43236
var_2,0x00b42e,0x00b494,43322,44046
var_2,0x00b5c8,0x00b61c,44724,44817
var_2,0x00b621,0x00b7ea,45056,45110
var_2,0x00bb45,0x00bc64,45274,45473
var_2,0x00bda7,0x00be9e,45479,45648
var_2,0x00bea0,0x00bf2d,46469,47456
var_2,0x00c20d,0x00c2a1,48296,48392
var_2,0x00c2e6,0x00c540,48657,49052
var_2,0x00c8ed,0x00c9e3,49133,49973
var_2,0x00cac0,0x00cc51,50076,50289
var_2,0x00ce33,0x00cf17,51072,51793
var_2,0x00d232,0x00d34c,51885,52827
var_2,0x00d688,0x00d923,53616,54421
var_2,0x00da6f,0x00dab1,55228,55408
var_2,0x00daf9,0x00dbd1,56386,57376
var_2,0x00dc43,0x00de87,57680,58090
var_2,0x00e16f,0x00e525,58778,59094
var_2,0x00e55e,0x00e6ea,59223,59359
var_2,0x00e7f2,0x00e9af,60259,60672
var_2,0x00eb01,0x00ec54,61173,61364
var_2,0x00eea3,0x00f169,61538,62451
var_2,0x00f23c,0x00f38c,62458,63218
var_2,0x00f541,0x00f5b4,63972,64007
var_2,0x00f677,0x00f9c8,64752,65579
var_2,0x00fd5a,0x00fd9f,66530,66624
var_2,0x00fe7d,0x00ff35,67107,67560
var_2,0x01026c,0x010506,67674,67769
var_2,0x010746,0x0109ce,67938,68384
var_2,0x010a57,0x010da8,68607,69357
var_2,0x010ec5,0x0112a9,70173,70371
var_2,0x011678,0x01191e,71257,71744
var_2,0x011cca,0x011da6,72125,72278
var_2,0x011edc,0x0122ab,72910,73879
var_2,0x012659,0x012963,74432,75202
var_2,0x012ad6,0x012adb,75482,75525
var_2,0x012c72,0x012d8b,75930,76802
var_2,0x0130ca,0x0132fa,77261,78046
var_2,0x01349b,0x0135e7,79023,79937
var_2,0x013607,0x01373f,80902,81438
var_2,0x0137cc,0x013869,82255,83195
var_2,0x013b51,0x013d7c,83961,84398
var_2,0x013f9e,0x014317,84494,85407
var_2,0x0145a7,0x0145e3,86336,86975
var_2,0x01470b,0x0148e6,87757,88457
var_2,0x014bb1,0x014cb7,89446,89925
var_2,0x015095,0x015229,90569,91290
var_2,0x015232,0x01550e,91370,92152
var_2,0x0158ac,0x0158fd,92865,93677
var_2,0x015c2e,0x015db6,94303,94685
var_2,0x01609b,0x0163e8,95580,96371
var_2,0x0164fd,0x016646,97044,97795
var_2,0x0167f2,0x0169ff,97869,98708
var_2,0x016d8f,0x016e1e,99133,99426
var_2,0x017040,0x017217,100113,100697
var_2,0x0175ed,0x017849,101694,102161
var_2,0x017a96,0x017b3f,102359,103046
var_2,0x017e1d,0x017f23,103860,104415
var_2,0x01810d,0x018332,104618,104667
var_2,0x018650,0x018888,104859,105174
var_2,0x018b0d,0x018b2c,105262,105421
var_2,0x018ef0,0x0191e6,106237,106384
var_2,0x019273,0x019295,106407,107233
var_2,0x019592,0x01988b,107909,108111
var_2,0x019bc2,0x019d04,109055,109113
var_2,0x01a07f,0x01a2d3,109720,109889
var_2,0x01a60b,0x01a9a5,110295,111252
var_2,0x01ad41,0x01b0b5,111943,112574
var_2,0x01b464,0x01b78d,113109,113449
var_2,0x01b7cf,0x01bba5,113560,113825
var_2,0x01be4c,0x01bfb5,114260,114577
var_2,0x01c361,0x01c3c4,115433,115464
var_2,0x01c50c,0x01c8e4,115989,116278
var_2,0x01cb56,0x01cc84,116468,116681
var_2,0x01cef5,0x01d162,117566,117660
var_2,0x01d3a5,0x01d3fd,117820,118481
var_2,0x01d767,0x01da57,118761,119357
var_2,0x01dd20,0x01dd4e,120013,120928
var_2,0x01dfb0,0x01e32b,121005,121647
var_2,0x01e4ed,0x01e820,122411,122596
var_2,0x01ec02,0x01eda1,122684,123109
var_2,0x01ef9a,0x01f26c,123407,123420
var_2,0x01f5d4,0x01f873,123832,123840
var_2,0x01f8d1,0x01fac2,124588,125489
var_2,0x01fce9,0x01fe40,125955,126708
var_2,0x01ff95,0x020256,127056,127100
var_2,0x02057b,0x020647,127552,128175
var_2,0x020a16,0x020a29,128527,129411
var_2,0x020d47,0x02105a,129913,130718
var_2,0x0210dc,0x021106,131693,132361
var_2,0x02115d,0x0213ed,133113,133493
var_2,0x0215e7,0x0219c4,134463,135433
var_2,0x021c88,0x021c91,136182,136564
var_2,0x021f93,0x022261,136774,137237
var_2,0x022390,0x022705,137885,138384
var_2,0x02294a,0x022d1d,139198,140131
var_2,0x022d6d,0x022fd5,140917,141158
var_2,0x0230fe,0x0234d2,141759,142730
var_2,0x02365b,0x023919,143459,143591
var_2,0x023cf9,0x023fc7,144516,144823
var_2,0x024263,0x024291,145042,145212
var_2,0x024600,0x024888,145624,146218
var_2,0x024b4c,0x024c40,146543,147111
var_2,0x024fea,0x025332,147710,148291
var_2,0x02562b,0x02587a,148989,149072
var_2,0x025926,0x025b0c,149917,150143
var_2,0x025bb9,0x025dd3,151084,151096
var_2,0x02619c,0x0262c8,151438,152343
var_2,0x0265a4,0x026924,152775,153313
var_2,0x026aea,0x026db7,153458,153929
var_2,0x026fed,0x027134,154339,154514
var_2,0x027426,0x02775a,154992,155718
var_2,0x027b0a,0x027d46,155731,156241
var_2,0x028039,0x028113,157138,157635
var_2,0x0282e3,0x028341,157995,158716
var_2,0x02857d,0x02873a,159344,159437
var_2,0x0287c6,0x0288db,159707,159999
var_2,0x0288ec,0x028c4c,160050,160688
var_2,0x029021,0x0291e6,160918,161176
var_2,0x02952b,0x02981e,161294,161839
var_2,0x029bdc,0x029bf0,162644,163571
var_2,0x029eeb,0x02a2ac,163600,164289
var_2,0x02a656,0x02a704,164895,165462
var_2,0x02a8e9,0x02aae5,166235,166742
var_2,0x02ab65,0x02ac84,167474,168174
var_2,0x02af80,0x02b094,169153,169367
var_2,0x02b1af,0x02b33e,170128,170880
var_2,0x02b423,0x02b666,171441,172401
var_2,0x02b940,0x02bb89,172696,173056
var_2,0x02be2c,0x02c20d,173578,174070
var_2,0x02c5ad,0x02c5f2,174251,174609
var_2,0x02c6b8,0x02c6e4,174639,174778
var_2,0x02c9c5,0x02cd41,175325,175386
var_2,0x02cdba,0x02d027,175568,175707
var_2,0x02d0a1,0x02d369,175767,176692
var_2,0x02d710,0x02d7ec,177436,177720
var_2,0x02db08,0x02dc62,177845,178428
var_2,0x02df3c,0x02e305,178465,179153
var_2,0x02e44c,0x02e7c7,179981,180818
var_2,0x02e7cd,0x02e993,181083,181094
var_2,0x02eb12,0x02ede0,181135,181750
var_2,0x02ee35,0x02efe1,182118,183020
var_2,0x02f255,0x02f561,183791,183852
var_2,0x02f946,0x02f9be,183956,184454
var_2,0x02fb0f,0x02feda,184916,185766
var_2,0x03007f,0x030122,185907,186644
var_2,0x030304,0x030400,187233,187982
var_2,0x03042a,0x030482,188121,188614
var_2,0x03075c,0x030989,189099,189734
var_2,0x030c7b,0x030dca,189978,190108
var_2,0x030f60,0x030fa6,190853,191116
var_2,0x030fb7,0x0311ad,191343,191673
var_2,0x03153c,0x0317af,192063,192823
var_2,0x0319cf,0x031d96,193816,194039
var_3,0x000001,0x000369,1,54
var_3,0x000476,0x00063a,464,1306
var_3,0x000953,0x0009e4,2193,2499
var_3,0x000b30,0x000c19,3314,3544
var_3,0x000cc8,0x000d75,4019,4502
var_3,0x00105d,0x0012cd,5429,5893
var_3,0x001308,0x001617,6248,6592
var_3,0x001654,0x001a19,7546,8062
var_3,0x001bb7,0x001dae,8419,9133
var_3,0x001e1e,0x001fe2,9409,10368
var_3,0x002039,0x0021d7,10433,11327
var_3,0x0022d9,0x0025d5,11520,12055
var_3,0x0025e4,0x002789,12254,12278
var_3,0x002915,0x002c4d,12810,13459
var_3,0x002c4f,0x002d50,14164,14876
var_3,0x0030c5,0x0031b4,15357,16139
var_3,0x003579,0x003731,16848,17090
var_3,0x0037e2,0x0038da,17954,18468
var_3,0x00391c,0x003bf7,18947,18954
var_3,0x003cd1,0x003f9d,19694,19974
var_3,0x0040f4,0x004125,20119,20294
var_3,0x004214,0x00451a,20954,21878
var_3,0x0047d8,0x004b84,22112,22882
var_3,0x004def,0x004e7d,23238,23275
var_3,0x005060,0x0050a2,24234,24273
var_3,0x005444,0x0056ec,24892,25822
var_3,0x0058e6,0x005b8e,26073,26284
var_3,0x005e65,0x006226,27035,27572
var_3,0x006425,0x0067cc,28352,29040
var_3,0x006830,0x006b1f,29926,30615
var_3,0x006d3b,0x006d9e,31299,32156
var_3,0x006ec0,0x006fd3,32748,33422
var_3,0x00736b,0x00767a,34377,35342
var_3,0x007a57,0x007da3,35849,36630
var_3,0x007e1d,0x008203,36643,37521
var_3,0x0084b6,0x0084bd,37750,38297
var_3,0x0086c5,0x008a48,38658,39196
var_3,0x008b42,0x008e7e,39352,39469
var_3,0x009025,0x00904b,39612,40511
var_3,0x0090f0,0x009141,40888,41279
var_3,0x009195,0x009233,42238,42499
var_3,0x0093bd,0x0095c1,43457,44441
var_3,0x0099a8,0x009a09,45232,45540
var_3,0x009cd0,0x009ff9,45665,46278
var_3,0x00a150,0x00a188,47200,47343
var_3,0x00a262,0x00a3ce,47766,48531
var_3,0x00a7a8,0x00a7a9,48698,48892
var_3,0x00a83c,0x00a862,49736,50050
var_3,0x00aa47,0x00aa82,50265,50926
var_3,0x00ad35,0x00ae0c,51556,52107
var_3,0x00b0e5,0x00b4b1,52376,53120
var_3,0x00b62f,0x00b695,53390,54357
var_3,0x00b8af,0x00bbac,54484,55341
var_3,0x00bd74,0x00bf63,55967,56811
var_3,0x00c13c,0x00c13d,57718,58452
var_3,0x00c1bc,0x00c500,59224,59918
var_3,0x00c57e,0x00c83c,60395,61335
var_3,0x00c91a,0x00ccd8,61911,62667
var_3,0x00cf09,0x00d24c,62946,63548
var_3,0x00d445,0x00d4db,64216,64940
var_3,0x00d670,0x00d908,65886,66011
var_3,0x00d97c,0x00daac,66126,66972
var_3,0x00dc00,0x00dd58,67192,67419
var_3,0x00e06e,0x00e364,67593,67671
var_3,0x00e65a,0x00e8dc,68072,68671
var_3,0x00eb56,0x00ee71,68784,68918
var_3,0x00f06c,0x00f2a7,69561,69706
var_3,0x00f4ca,0x00f4d4,70090,70093
var_3,0x00f75b,0x00f998,70875,71030
var_3,0x00fcde,0x00ff71,71215,72013
var_3,0x0100dc,0x01039a,72161,72483
var_3,0x01059e,0x01062f,73078,73859
var_3,0x010833,0x010a04,74608,75384
var_3,0x010cab,0x010fa5,75714,76443
var_3,0x0112f7,0x011401,76681,76848
var_3,0x011537,0x0118a8,77741,78447
var_3,0x011c50,0x011f25,78687,79283
var_3,0x012142,0x0124c5,79408,79781
var_3,0x0127ac,0x012841,80352,80752
var_3,0x012c0d,0x012f38,81362,81754
var_3,0x012f7b,0x01308b,82289,83089
var_3,0x01342c,0x013445,83455,84169
var_3,0x013629,0x01386e,84547,85049
var_3,0x013a2c,0x013a74,85093,85576
var_3,0x013d43,0x014050,86082,86485
var_3,0x01417e,0x0143fa,86998,87775
var_3,0x014466,0x0146ef,88184,88756
var_3,0x01485f,0x014988,89084,89477
var_3,0x014d69,0x014fd5,89735,89943
var_3,0x01520d,0x01530d,90146,90284
var_3,0x0154cf,0x01558e,91246,91566
var_3,0x01560e,0x01570f,92238,92745
var_3,0x01582d,0x015958,93677,93996
var_3,0x015b46,0x015d08,94508,95007
var_3,0x015ed9,0x0160d7,95413,95783
var_3,0x0160f8,0x016254,96152,96261
var_3,0x01661e,0x016936,96961,97880
var_3,0x016a70,0x016ac5,98859,99348
var_3,0x016ae1,0x016c9f,100026,100955
var_3,0x016e47,0x0171b9,101568,102512
var_3,0x017350,0x017529,103229,104154
var_3,0x017773,0x017a62,104479,105258
var_3,0x017cf7,0x017e04,106083,106200
var_3,0x017e74,0x017fef,106474,106481
var_3,0x01837e,0x018646,107068,107500
var_3,0x018690,0x018985,108425,109068
var_3,0x018a86,0x018b36,109530,110229
var_3,0x018e13,0x018fdd,110730,110892
var_3,0x018fff,0x019229,111732,112048
var_3,0x0195a7,0x0198fd,112149,112171
var_3,0x019cbc,0x019f8c,112517,113033
var_3,0x01a193,0x01a349,113214,113453
var_3,0x01a435,0x01a47c,114075,114506
var_3,0x01a4da,0x01a4f5,115488,115899
var_3,0x01a6d7,0x01a857,116717,117576
var_3,0x01aa3e,0x01aa44,118395,118877
var_3,0x01ad7e,0x01adf6,119723,120105
var_3,0x01aefb,0x01b178,120785,121188
var_3,0x01b1f1,0x01b393,121575,121778
var_3,0x01b53b,0x01b7c2,122769,123387
var_3,0x01b9fd,0x01bba8,123952,124897
var_3,0x01bc39,0x01bf20,125836,126836
var_3,0x01bfeb,0x01c014,127783,127968
var_3,0x01c2b3,0x01c634,128051,128219
var_3,0x01c658,0x01c805,128842,129633
var_3,0x01cbaf,0x01cd17,129713,130069
var_3,0x01cf0f,0x01cf46,130621,130684
var_3,0x01d223,0x01d5d8,131235,131279
var_3,0x01d8a6,0x01d95a,132241,132261
var_3,0x01dcef,0x01e072,132658,132930
var_3,0x01e3fc,0x01e5a9,132947,133002
var_3,0x01e873,0x01e8b7,133893,134431
var_3,0x01ea18,0x01eae5,134435,134984
var_3,0x01eb42,0x01ebb0,135830,136163
var_3,0x01ed3d,0x01edb0,136236,136277
var_3,0x01eef7,0x01f268,136627,137051
var_3,0x01f448,0x01f665,137304,137782
var_3,0x01f76d,0x01f927,138501,138637
var_3,0x01f9d3,0x01fa30,138711,139216
var_3,0x01fbf6,0x01ffd7,139850,140579
var_3,0x02008e,0x0201e4,140943,141875
var_3,0x020441,0x0205f5,142872,143605
var_3,0x020672,0x020729,144143,144773
var_3,0x0207cb,0x0207f8,145379,146098
var_3,0x0208aa,0x0209e4,146721,146871
var_3,0x020b5b,0x020e4b,147175,148161
var_3,0x020ec5,0x020f89,148431,148730
var_3,0x021098,0x0211a5,149500,149915
var_3,0x021475,0x021517,150401,151095
var_3,0x02175c,0x02194e,151635,151650
var_3,0x021989,0x021b87,151960,152801
var_3,0x021bb0,0x021f09,153432,154103
var_3,0x0220d2,0x0223f4,154127,155044
var_3,0x022463,0x022500,155047,155282
var_3,0x022732,0x02294c,156166,156248
var_3,0x022cca,0x022d77,156817,157461
var_3,0x022eed,0x02324d,158277,158998
var_3,0x0233f2,0x02372e,159724,160042
var_3,0x0237d9,0x02386f,160853,161246
var_3,0x023a61,0x023a80,161791,162179
var_3,0x023b25,0x023d3b,162488,163191
var_3,0x023fba,0x02412d,163251,164233
var_3,0x024217,0x024293,165032,165954
var_3,0x024555,0x02461d,166557,167200
var_3,0x024719,0x02483c,168117,168996
var_3,0x024a74,0x024c13,169666,169735
var_3,0x024e25,0x025142,169768,170232
var_3,0x02547a,0x0257c8,170939,171675
var_3,0x0258dd,0x025a10,172456,173360
var_3,0x025d71,0x025fcc,173732,174589
var_3,0x026134,0x026191,174735,175597
var_3,0x0261d5,0x02651c,175732,176551
var_3,0x0265e9,0x026764,176583,177363
var_3,0x026b0e,0x026c71,178123,178792
var_3,0x026f01,0x0272dd,179245,179467
var_3,0x027347,0x02740d,180073,180547
var_3,0x027769,0x0279eb,180869,181314
var_3,0x027a6d,0x027d88,181749,182364
var_3,0x027ea4,0x0280f1,182485,182722
var_3,0x0282d8,0x028651,183177,183186
var_3,0x028743,0x028a5b,183377,184116
var_3,0x028c25,0x028e6c,184840,185239
var_3,0x02910a,0x02931b,185802,186613
var_3,0x0293d9,0x029558,186633,186995
var_3,0x029806,0x029a99,187942,187946
var_3,0x029bb2,0x029e06,188194,188857
var_3,0x029fec,0x02a397,188993,189539
var_3,0x02a4a4,0x02a583,190376,190455
var_3,0x02a64a,0x02a6e9,191366,191715
var_3,0x02a741,0x02a904,192435,193105
var_3,0x02ab2a,0x02ab9f,193886,194542
var_3,0x02af2f,0x02b1ee,195103,195866
var_3,0x02b4a5,0x02b7e7,196674,197493
var_3,0x02bb06,0x02bca7,198490,199020
var_3,0x02bed9,0x02c250,199740,200023
var_3,0x02c4e2,0x02c733,200714,201517
var_3,0x02c7e4,0x02c989,202129,202413
var_3,0x02cae3,0x02cc3a,202736,202922
var_3,0x02cfa5,0x02d0b5,203774,204241
var_3,0x02d42c,0x02d6a8,204260,204306
var_4,0x000001,0x000171,1,351
var_4,0x0004b4,0x000706,1148,1943
var_4,0x000886,0x000b34,2481,3172
var_4,0x000b9f,0x000baf,3640,4300
var_4,0x000bc5,0x000e9b,4595,4626
var_4,0x001170,0x0014ef,5148,5984
var_4,0x0016f4,0x001a8f,6060,6653
var_4,0x001b0c,0x001c5c,6706,7675
var_4,0x001e3e,0x001ee1,8147,8152
var_4,0x002210,0x0023f1,8460,8725
var_4,0x002693,0x00295f,9174,9586
var_4,0x002986,0x002b3f,9842,10301
var_4,0x002d41,0x002dab,10852,11226
var_4,0x002e5c,0x002fe8,11310,11885
var_4,0x003390,0x0036f9,12119,12628
var_4,0x0038c7,0x003b16,13621,14440
var_4,0x003b26,0x003eb1,15199,15603
var_4,0x00408e,0x0043d7,16436,17191
var_4,0x004643,0x00465e,17734,18483
var_4,0x0046df,0x0047a1,19397,20352
var_4,0x004809,0x004839,20721,21584
var_4,0x004b93,0x004e86,22349,22356
var_4,0x004fc3,0x0050ef,22625,22960
var_4,0x005394,0x0053fc,23695,24087
var_4,0x0054e3,0x0057b2,24638,24868
var_4,0x005924,0x0059c3,25066,25786
var_4,0x005aed,0x005c7a,26670,27179
var_4,0x005fc3,0x00630e,27873,28364
var_4,0x00639f,0x006416,29164,29731
var_4,0x0067a0,0x006924,30571,30894
var_4,0x006b32,0x006d50,31740,31814
var_4,0x006eb4,0x006ffd,32005,32826
var_4,0x0070c5,0x00722e,32952,33943
var_4,0x007527,0x0078ca,34516,34691
var_4,0x007aa4,0x007b26,35610,36178
var_4,0x007d6c,0x007faf,36692,36813
var_4,0x0081da,0x008544,37366,37453
var_4,0x0085ba,0x00884d,38244,38906
var_4,0x008a5d,0x008b0f,38927,39540
var_4,0x008ebb,0x008f5f,39708,40627
var_4,0x009291,0x00940e,40820,41166
var_4,0x0094a8,0x0095ca,41826,41977
var_4,0x009650,0x009658,42699,43482
var_4,0x009913,0x009b5e,43592,44008
var_4,0x009b90,0x009f47,44325,44570
var_4,0x00a286,0x00a4c4,45062,45226
var_4,0x00a650,0x00a85f,45232,45234
var_4,0x00aa33,0x00acaf,45409,46136
var_4,0x00afb5,0x00aff5,46671,47171
var_4,0x00b202,0x00b281,48151,48466
var_4,0x00b561,0x00b896,48530,49451
var_4,0x00babe,0x00bdf8,50054,50585
var_4,0x00be6b,0x00c213,50972,51294
var_4,0x00c21d,0x00c4f0,51627,52616
var_4,0x00c6d3,0x00ca23,52912,53770
var_4,0x00cb89,0x00ce4d,54633,55431
var_4,0x00cea9,0x00d09c,55616,56230
var_4,0x00d124,0x00d13d,56721,57056
var_4,0x00d172,0x00d4f8,57668,58308
var_4,0x00d567,0x00d5b9,58702,59012
var_4,0x00d977,0x00dbf6,59094,59443
var_4,0x00dea7,0x00e0eb,59993,60100
var_4,0x00e47a,0x00e644,60574,60657
var_4,0x00e8c8,0x00e947,61319,61601
var_4,0x00ed2c,0x00ed7f,62110,62525
var_4,0x00eff1,0x00f07e,63221,63775
var_4,0x00f311,0x00f5c9,64552,65361
var_4,0x00f7db,0x00f9b0,65908,66723
var_4,0x00fcdf,0x00fdac,67642,68501
var_4,0x01012e,0x010133,69374,70054
var_4,0x0102b3,0x01035e,70425,71405
var_4,0x01067f,0x0109ad,72141,72823
var_4,0x010d7e,0x010f00,73571,74120
var_4,0x010f9c,0x01121e,74993,75078
var_4,0x01147b,0x011858,75709,76011
var_4,0x011ac1,0x011c3f,76442,76680
var_4,0x011eca,0x0121b7,77535,78240
var_4,0x0124e5,0x012563,78651,79509
var_4,0x01269d,0x0126bf,79931,80202
var_4,0x01273b,0x012960,81048,81569
var_4,0x012ad3,0x012ad8,82103,82336
var_4,0x012b98,0x012e85,83102,83872
var_4,0x013196,0x0133d4,83904,84391
var_4,0x0136b1,0x013797,84812,85176
var_4,0x013a5f,0x013c5b,85933,86201
var_4,0x013d9e,0x014068,86506,86949
var_4,0x0140dd,0x014218,87345,88315
var_4,0x0143e1,0x014733,88442,88965
var_4,0x014908,0x014c89,89349,89428
var_4,0x014e5f,0x014e8a,89708,90385
var_4,0x014fab,0x015056,90529,91504
var_4,0x01517b,0x0152c2,91901,92522
var_4,0x01545e,0x0157cd,92549,93085
var_4,0x0158fd,0x015a84,93820,94626
var_4,0x015ddf,0x015fd5,95091,95260
var_4,0x016177,0x016416,96087,96167
var_4,0x016519,0x016758,96916,97443
var_4,0x016801,0x016871,97995,98854
var_4,0x016a21,0x016b04,99619,99673
var_4,0x016cfb,0x017009,100431,101350
var_4,0x017260,0x0172a5,101395,102369
var_4,0x0175a9,0x017618,102917,103318
var_4,0x01772e,0x0178cc,103811,104139
var_4,0x017a2a,0x017bb0,105013,105400
var_4,0x017e4a,0x01804e,105597,106382
var_4,0x018359,0x018587,107210,108020
var_4,0x018795,0x018acf,108192,108770
var_4,0x018c33,0x018d5e,108871,109277
var_4,0x018eff,0x0190c1,109747,110001
var_4,0x01926a,0x0194c8,110028,110222
var_4,0x019534,0x0198ac,110987,111216
var_4,0x0198fe,0x019ba6,111276,111581
var_4,0x019ea0,0x01a200,112188,112885
var_4,0x01a53f,0x01a773,113220,113937
var_4,0x01aa0b,0x01aabc,114041,114200
var_4,0x01ae66,0x01b0fb,114327,114429
var_4,0x01b42f,0x01b675,115367,115917
var_4,0x01b67c,0x01b7af,116487,117052
var_4,0x01b96a,0x01bc4a,117366,117875
var_4,0x01bc5f,0x01be10,118584,119267
var_4,0x01be4b,0x01be5f,119746,120583
var_4,0x01bea6,0x01befc,121363,122036
var_4,0x01c1c8,0x01c226,122573,122786
var_4,0x01c399,0x01c711,123685,123891
var_4,0x01c92f,0x01cd11,124453,125016
var_4,0x01d02e,0x01d0b7,125027,125575
var_4,0x01d25c,0x01d430,125707,125926
var_4,0x01d5ab,0x01d6d9,126720,127240
var_4,0x01d8f1,0x01d97a,127552,127727
var_4,0x01d9e9,0x01dd73,128532,129310
var_4,0x01de7e,0x01df61,130110,131011
var_4,0x01e03b,0x01e35c,131425,131688
var_4,0x01e678,0x01e814,132680,133403
var_4,0x01e9cf,0x01ecc6,133901,134387
var_4,0x01edb1,0x01f07b,134835,134969
var_4,0x01f3a6,0x01f3b6,135337,135801
var_4,0x01f3eb,0x01f5b1,136746,137264
var_4,0x01f835,0x01fa0b,137903,138663
var_4,0x01fbef,0x01fd48,139658,140552
var_4,0x01fe22,0x01ffc4,141153,141585
var_4,0x0202c9,0x020687,142192,142770
var_4,0x02080f,0x020ae1,143093,143887
var_4,0x020df1,0x020e7d,144776,145573
var_4,0x0211f9,0x021388,145749,146071
var_4,0x02168b,0x021a20,146643,147187
var_4,0x021dc9,0x022149,148074,148494
var_4,0x0224a5,0x0226a3,148641,149261
var_4,0x022996,0x022d01,149913,150501
var_4,0x022e32,0x023164,151348,151765
var_4,0x023500,0x0237a2,152215,152856
var_4,0x023b53,0x023c82,153641,153971
var_4,0x023e03,0x023f62,154841,154857
var_4,0x024342,0x024504,155084,155593
var_4,0x0245ea,0x0246bb,155713,155829
var_4,0x02493a,0x024d10,156446,156853
var_4,0x0250c2,0x025175,156910,157425
var_4,0x0252df,0x0255f7,157786,158247
var_4,0x025676,0x025872,159151,159441
var_4,0x025be6,0x025c43,159686,159818
var_4,0x025dbe,0x025eed,160066,160550
var_4,0x025f6c,0x02629d,161317,162183
var_4,0x0265e7,0x026754,163086,163297
var_4,0x026b03,0x026d4c,163407,164069
var_4,0x027008,0x0272e4,164539,165213
var_4,0x027637,0x027688,166084,166983
var_4,0x0279e0,0x027c1f,167427,168425
var_4,0x027e83,0x02814c,169228,169369
var_4,0x0283a5,0x0283f4,169630,169658
var_4,0x0285a5,0x02869d,170277,171187
var_4,0x028867,0x028915,171934,172183
var_4,0x028a58,0x028ddb,172399,172924
var_4,0x02914a,0x02930f,173883,174253
var_4,0x029540,0x0298e3,174552,175350
var_4,0x029c6a,0x029ce1,176300,177097
var_4,0x02a01e,0x02a264,178012,178493
var_4,0x02a31f,0x02a6b6,178838,178964
var_4,0x02a8d8,0x02aad6,179635,180339
var_4,0x02ac0c,0x02ae88,181183,181199
var_4,0x02b0bb,0x02b2c1,181287,182055
var_4,0x02b406,0x02b73c,182465,182806
var_4,0x02b872,0x02bc29,182949,183039
var_4,0x02bdfe,0x02c091,183079,184009
var_4,0x02c0f9,0x02c3a9,184741,184798
var_4,0x02c441,0x02c779,185462,185874
var_4,0x02c874,0x02cc02,186366,187303
var_4,0x02cf58,0x02cf67,187968,188449
var_4,0x02d2de,0x02d5ea,188968,189338
var_4,0x02d89e,0x02dc05,190176,190838
var_4,0x02dcbb,0x02e070,190983,191256
var_4,0x02e0ae,0x02e0d7,191935,192529
var_4,0x02e1ec,0x02e521,193293,194075
var_4,0x02e79e,0x02e8c1,194470,194855
var_4,0x02e963,0x02ec19,195720,196370
var_4,0x02ee45,0x02f01d,196487,197404
var_4,0x02f058,0x02f0ce,197509,197683
var_4,0x02f309,0x02f6a8,197781,197864
var_4,0x02f981,0x02fbc0,198141,199003
var_4,0x02fc78,0x02fd5f,199182,199954
var_4,0x02fe35,0x03002a,200055,200601
var_4,0x0301b2,0x030329,200835,201535